{"cameraMode":{"drawMode":0,"name":"Shaded","section":"Shading Mode"},"sceneLighting":true,"audioPlay":false,"sceneViewState":{"showFog":true,"showMaterialUpdate":false,"showSkybox":true,"showFlares":true,"showImageEffects":true,"showParticleSystems":true},"in2DMode":false,"pivot":{"x":11.453330993652344,"y":-3.954379081726074,"z":-1.8767285346984864},"rotation":{"x":0.0836624950170517,"y":0.7118229269981384,"z":-0.08605454117059708,"w":0.69203120470047},"size":14.531564712524414,"orthographic":false}